ebn0_db,n_frames,detected_failure_rate,detected_failure_rate_ci_low,detected_failure_rate_ci_high,exact_success_rate,valid_codeword_rate,undetected_error_rate,undetected_error_rate_ci_low,undetected_error_rate_ci_high,avg_stop_iteration,avg_runtime_ms,avg_final_syndrome_weight_on_fail,detected_failure_rate_smoothed
8.0,4096,0.687744140625,0.6733817413789005,0.7017547029168987,0.312255859375,0.312255859375,0.0,0.0,0.0009370118104075045,9.9794921875,25.31497935456173,127.53283635072772,0.687744140625
9.0,4096,0.317626953125,0.3035459193403829,0.3320497583072609,0.682373046875,0.682373046875,0.0,0.0,0.0009370118104075045,6.227783203125,15.811332794442023,126.80476556495003,0.317626953125
10.0,4096,0.191162109375,0.1794114060842759,0.20349158216775806,0.808837890625,0.808837890625,0.0,0.0,0.0009370118104075045,4.388427734375,11.390920129088045,126.4469987228608,0.191162109375
11.0,4096,0.134765625,0.12464954113071756,0.14556616671516606,0.865234375,0.865234375,0.0,0.0,0.0009370118104075045,3.4482421875,9.216835694871861,127.15942028985508,0.134765625
12.0,4096,0.085693359375,0.07750453108189902,0.09465860809889275,0.914306640625,0.914306640625,0.0,0.0,0.0009370118104075045,2.679931640625,7.3175171212369605,128.3960113960114,0.085693359375
13.0,4096,0.05908203125,0.052266038627501295,0.06672431456077797,0.94091796875,0.94091796875,0.0,0.0,0.0009370118104075045,2.1943359375,6.173384961584816,126.02479338842976,0.05908203125
14.0,4096,0.04345703125,0.03762916451966932,0.05014047028768518,0.95654296875,0.95654296875,0.0,0.0,0.0009370118104075045,1.85888671875,5.158657930223853,127.8314606741573,0.04345703125
