ebn0_db,n_frames,detected_failure_rate,detected_failure_rate_ci_low,detected_failure_rate_ci_high,exact_success_rate,valid_codeword_rate,undetected_error_rate,undetected_error_rate_ci_low,undetected_error_rate_ci_high,avg_stop_iteration,avg_runtime_ms,avg_final_syndrome_weight_on_fail,detected_failure_rate_smoothed
8.0,4096,0.625,0.6100630941165787,0.6397026529308195,0.375,0.375,0.0,0.0,0.0009370118104075045,9.65625,25.321823971296453,125.95,0.625
9.0,4096,0.296875,0.28307861215887686,0.3110520488891013,0.703125,0.703125,0.0,0.0,0.0009370118104075045,5.984375,14.037355706193466,123.3157894736842,0.296875
10.0,4096,0.25,0.23697738345421696,0.2634911224509869,0.75,0.75,0.0,0.0,0.0009370118104075045,4.875,11.604167404414056,129.5625,0.25
11.0,4096,0.087890625,0.0796012087434042,0.09695234395970512,0.912109375,0.912109375,0.0,0.0,0.0009370118104075045,2.853515625,6.736749721255819,125.82222222222222,0.087890625
12.0,4096,0.0791015625,0.07122481258018791,0.08776708603365123,0.9208984375,0.9208984375,0.0,0.0,0.0009370118104075045,2.45703125,6.4757041268421744,127.76543209876543,0.0791015625
13.0,4096,0.073974609375,0.06635214950680657,0.08239545088829162,0.926025390625,0.926025390625,0.0,0.0,0.0009370118104075045,2.27685546875,5.799670209910346,127.1947194719472,0.073974609375
14.0,4096,0.04248046875,0.03672066744567198,0.04909767246287473,0.95751953125,0.95751953125,0.0,0.0,0.0009370118104075045,1.82373046875,4.706442281587897,128.72413793103448,0.04248046875
