ebn0_db,guard_success_rate,ai_success_rate,fallback_success_rate,failure_rate
10.0,0.15022421524663676,0.0016015374759769379,0.0064061499039077515,0.8417680973734786
11.0,0.13583959899749373,0.0015037593984962407,0.005513784461152882,0.8571428571428571
12.0,0.1452513966480447,0.0,0.004189944134078212,0.8505586592178771
13.0,0.16945812807881774,0.0009852216748768472,0.005911330049261084,0.8236453201970443
14.0,0.22601839684625494,0.001314060446780552,0.003942181340341655,0.7687253613666228
