ebn0_db,guard_success_rate,ai_success_rate,fallback_success_rate,failure_rate
10.0,0.15022421524663676,0.0006406149903907751,0.007687379884689302,0.8414477898782832
11.0,0.13583959899749373,0.0,0.007518796992481203,0.8566416040100251
12.0,0.1452513966480447,0.0013966480446927375,0.0034916201117318434,0.8498603351955307
13.0,0.16945812807881774,0.0009852216748768472,0.005911330049261084,0.8236453201970443
14.0,0.22601839684625494,0.002628120893561104,0.006570302233902759,0.7647831800262812
