ebn0_db,guard_success_rate,ai_success_rate,fallback_success_rate,failure_rate
10.0,0.15022421524663676,0.002242152466367713,0.0064061499039077515,0.8411274823830878
11.0,0.13583959899749373,0.0020050125313283208,0.005012531328320802,0.8571428571428571
12.0,0.1452513966480447,0.002793296089385475,0.0034916201117318434,0.848463687150838
13.0,0.16945812807881774,0.0019704433497536944,0.003940886699507389,0.8246305418719212
14.0,0.22601839684625494,0.002628120893561104,0.003942181340341655,0.7674113009198423
