ebn0_db,guard_visit_rate,ai_visit_rate,fallback_visit_rate,n_frames
10.0,1.0,0.8497757847533632,0.8475336322869955,3122
11.0,1.0,0.8641604010025062,0.8621553884711779,1995
12.0,1.0,0.8547486033519553,0.8519553072625698,1432
13.0,1.0,0.8305418719211822,0.8285714285714286,1015
14.0,1.0,0.7739816031537451,0.771353482260184,761
