{
  "snapshot_rows": 34476,
  "bit_rows": 898353,
  "snapshot_meta": {
    "best_val_loss": 3.7976863567218145e-05,
    "n_total": 34476,
    "n_train": 31029,
    "n_val": 3447
  },
  "bit_meta": {
    "best_val_loss": 0.353119968773162,
    "n_total": 898353,
    "n_train": 808518,
    "n_val": 89835
  }
}