{
  "snapshot_rows": 81300,
  "bit_rows": 2182999,
  "snapshot_meta": {
    "best_val_loss": 0.02957093449307177,
    "n_total": 81300,
    "n_train": 73170,
    "n_val": 8130
  },
  "bit_meta": {
    "best_val_loss": 0.4193609174822538,
    "n_total": 2182999,
    "n_train": 1964699,
    "n_val": 218300
  }
}