{
  "snapshot_rows": 48540,
  "bit_rows": 1409139,
  "snapshot_meta": {
    "best_val_loss": 0.08385884937407011,
    "n_total": 48540,
    "n_train": 43686,
    "n_val": 4854
  },
  "bit_meta": {
    "best_val_loss": 0.4311743549821643,
    "n_total": 1409139,
    "n_train": 1268225,
    "n_val": 140914
  }
}