{
  "snapshot_rows": 81300,
  "memory_rows": 195,
  "template_pair_rows": 1624,
  "snapshot_meta": {
    "best_val_loss": 0.06633322633537125,
    "n_total": 81300,
    "n_train": 73170,
    "n_val": 8130
  },
  "template_meta": {
    "best_val_loss": 0.5927414894104004,
    "n_total": 1624,
    "n_train": 1462,
    "n_val": 162
  }
}